{"name":"Untitled form","title":"Form Title","description":"","new_editor":true,"show_title_description":true,"showHeader":false,"showFooter":false,"lang":1,"columns":1,"status":true,"template":0,"limits":0,"fldIndex":3,"captcha":false,"IpTracking":true,"post_data_url":"","send_mail":true,"elements":[[{"FieldTypeName":"Button","properties":{"type":{"title":"Button Type:","type":"select","value":"submit","options":["submit","reset","print","draft","dummy","Salesforce Action","Visual Composer","Go Prev","Go Next","Go to page","Reset signature","Modal signature","Condition","SmartV Logout","Redirect","SSO Logout","XML Parser","Twilio","Close Twilio","Refresh Location","Barcode Scanner","AllScripts"]},"align":{"title":"Button align","type":"select","value":"auto","options":["auto","left","center","right"]},"user_tip":{"title":"User tip","type":"text","value":""},"img_btn_url":{"title":"Choose BackGround Image","type":"imageBackground","value":"","src":""},"default":{"title":"Button Text","type":"text","value":"Submit"},"admin_field_only":{"title":"Admin Field","type":"checkbox","value":false},"unique_value":{"title":"Unique value","type":"checkbox","value":false},"confirmation_mode":{"title":"Confirmation mode","type":"checkbox","value":false},"onclick_action":{"title":"On click action","type":"checkbox","value":false},"prop_disabled":{"value":true},"field_id":{"value":true,"id":"fld1"},"styles":{"Container-1622185830418-830-1":{"options":{"top":447,"left":375}}}},"FieldTypeIsLabelAssociated":0,"FieldTypeIsDataContainer":0,"FieldTypeConditionType":null,"uid":"1622185830418-830-1","visible":"show","className":"Button-1622185830418-830-1","classUID":"1622185830418-830-1","storedSize":{"styles":{"width":250,"height":40}},"hidePreview":false},{"properties":{"label":{"title":"Label","type":"text","value":"Section","isHidden":{"top":false,"left":true,"right":true,"bottom":true}},"columns":{"type":"select","title":"Columns","value":2,"options":[1,2,3,4]},"section_rows":{"type":"select","title":"Rows","value":1,"options":[1,2,3,4,5,6,7,8,9,10]},"elements":{"hide":true,"value":[[[],[]]]},"repeat":{"title":"Repeated","type":"checkbox","value":false,"origin":true},"enable_tabs":{"title":"Enable Tabs","type":"checkbox","items":[],"value":false},"enable_collapse":{"title":"Enable Collapse","type":"checkbox","label":"Open section","expand":"+","collapse":"-","items":[],"value":false},"AddButtonText":{"title":"Add Button Text","type":"text","value":"Add"},"RemoveButtonText":{"title":"Remove Button Text","type":"text","value":"Remove"},"field_id":{"value":true,"id":"fld2"},"num_of_display":{"title":"Num of visible items","type":"text","value":1},"half_view":{"title":"Half view","type":"checkbox","value":false},"num_of_max_items":{"title":"Max items","type":"text","value":0},"space_between_sections":{"title":"Repeat margin","type":"number","value":30},"populate_items_tabs":{"title":"Populate items","type":"checkbox","items":[],"value":false},"show_item_number":{"title":"Show item number","type":"checkbox","items":[],"value":false},"show_label":{"title":"Show label","type":"checkbox","items":[],"value":false},"show_remove_last":{"title":"Show remove for last","type":"checkbox","items":[],"value":false},"update_origin_data":{"title":"Repeat mapped data","type":"checkbox","items":[],"value":false},"infinite_scroll_mode":{"title":"Infinite scroll mode","type":"checkbox","items":[],"value":false},"overflow_scroll":{"title":"Overflow - scroll","type":"checkbox","value":false},"auto_size":{"title":"Auto-Sizing","type":"checkbox","value":false},"collapse_by_default":{"title":"Collapse by default","type":"checkbox","value":false},"break_by":{"title":"Break by","type":"checkbox","value":false},"break_by_label":{"title":"Use Label of break by from","type":"checkbox","value":false},"section_map_tab_name":{"title":"Map Tab name to","type":"checkbox","value":false},"conditional_size":{"title":"Conditional size","type":"checkbox","value":false},"force_LTR_label":{"title":"Force LTR text","type":"checkbox","value":false},"isSetOrder":true,"subIndex":1,"styles":{"Container-1622186087666-89-1":{"options":{"top":80,"left":272,"width":200,"taborder":2,"widthUnit":"px","heightUnit":"px"},"container":{"background-color":"rgba(240,240,240,1)","width":"401px","height":"200px"},"element":{"width":"200px","height":"200px","size":"custom","background-color":"rgba(240,240,240,1)"}}}},"isNew":true,"uid":"1622186087666-89-1","visible":"show","FieldTypeID":29,"FieldTypeName":"Section","FieldTypeDescription":"container, box, section, tabs, repeated, repeatable, collapse, background, image,tab,tabs,","FieldTypeIsDataContainer":0,"FieldTypeIsForForm":1,"FieldTypeIsForReport":1,"FieldTypeConditionType":null,"FieldTypeIsBasic":0,"FieldTypeOrder":11,"FieldTypeIsLabelAssociated":0,"FieldTypeFormBuilderType":1,"FieldTypeReportBuilderType":0,"row":1,"storedSize":{"styles":{"width":401,"height":200}},"hidePreview":false,"className":"Section-1622186087666-89-1"},{"properties":{"fieldtype":"string","label":{"title":"Label","type":"text","value":"Textbox","isHidden":{"top":false,"left":true,"right":true,"bottom":true}},"placeholder_field":{"title":"Placeholder","type":"text","value":""},"default":{"id":"textbox","title":"Default value","type":"text","value":"","data":true,"hide":false},"placeholder":{"value":"","check":true},"is_mandatory":{"title":"Mandatory","type":"checkbox","value":false},"user_tip":{"title":"User tip","type":"text","value":""},"admin_field_only":{"title":"Admin Field","type":"checkbox","value":false},"unique_value":{"title":"Unique value","type":"checkbox","value":false},"limit_chars":{"title":"Maximum Length","type":"text"},"valuerule":{"value":true},"condition":{"value":true},"size":{"value":"large","hide":true},"field_id":{"title":"Field ID","value":true,"id":"fld3"},"mask":{"title":"Field mask","type":"text","value":""},"use_mask_value":{"title":"Use mask value","type":"checkbox","value":false},"clear_mask_placeholder":{"title":"Auto clear placeholder","type":"checkbox","value":false},"autofocus":{"title":"Auto Focus","type":"checkbox","value":false},"password_mode":{"title":"Password mode","type":"checkbox","value":false},"numeric_keyboard":{"title":"Numeric keyboard","type":"checkbox","value":false},"decode_special_chars":{"title":"Decode special chars","type":"checkbox","value":false},"isSetOrder":true,"subIndex":1,"styles":{"Container-1622186100372-985-2":{"options":{"top":332,"left":293,"width":250,"taborder":3},"container":{}}}},"isNew":true,"uid":"1622186100372-985-2","visible":"show","FieldTypeID":2,"FieldTypeName":"Textbox","FieldTypeDescription":"text, input text, input box,textbox","FieldTypeIsDataContainer":1,"FieldTypeIsForForm":1,"FieldTypeIsForReport":0,"FieldTypeConditionType":1,"FieldTypeIsBasic":1,"FieldTypeOrder":3,"FieldTypeIsLabelAssociated":1,"FieldTypeFormBuilderType":0,"FieldTypeReportBuilderType":null,"row":2,"storedSize":{"styles":{"width":250,"height":88}},"hidePreview":false,"className":"Textbox-1622186100372-985-2","classUID":"1622186100372-985-2"}],[],[],[]],"customEmailToFormOwner":{"isCustomEmailToFormOwner":false,"expression":"","expression_text":""},"additionalEmails":false,"customEmailFormat":{"isCustomEmail":false,"expression":"","expression_text":""},"isReplyToEmail":false,"replyToEmail":"","additionalEmailsList":"","additional_mails":"","custom_mail_format":"","redirect_url":"","redirectToUrl":false,"confirmation_text":"","confirmationText":true,"form_time_zone":2,"auto_translation":false,"delete_button_with_confirmation":"","user_notice":false,"unique_submission":false,"quota_limit":false,"quota_limit_count":0,"availableDateFrom":"2021-05-28T07:06:23.889Z","availableDateTo":"2021-05-28T07:06:23.889Z","availableFromTo":false,"disable":false,"acceleration":false,"chats":false,"heatmap":false,"randomize":false,"save2db":false,"autotranslate":false,"google_prediction":false,"geo_ip":false,"abTestingEnable":false,"typeOfForm":-1,"rules":[],"valueRule":[],"formUrlExtension":"ft837fcdb71622185829767","isChangedUrlExtension":false,"validIndicator":true,"errorIndicator":true,"dontSaveData":false,"generateBarCode":false,"usability":false,"seo":{"title":"","description":"","keywords":""},"submit":{"value":"Submit Form"},"securedLogo":false,"autocorrectForMobile":false,"customSubject":{"expression":null,"expression_text":null,"showEditor":false},"customHeader":{"expression":null,"expression_text":null,"showEditor":false},"customFooter":{"expression":null,"expression_text":null,"showEditor":false},"direction":{"isChecked":false,"value":"ltr"},"styles":{"Form":{"element":{"options":{"margin-left":0,"margin-right":0,"margin-top":"10px","margin-bottom":0},"box-shadow":"","snapToGrid":false,"font-family":"Verdana, Geneva, sans-serif","color":"rgba(10,0,0,1)","background-color":"rgba(219,81,81,0.76)","size":"custom","width":"1000px","display":"block","border-style":"none","height":"700px","drag_x":"40","drag_y":"40","background":"rgba(219,81,81,0.76)"},"options":{"isImage":false,"defaultImgObj":[],"asterix":{"color":""},"shadowBox":"10px 20px 30px "},"container":{"text-align":"center"}}},"panelSettings":{"toolbar":{"isHide":true}},"PageBreak":{"header":"","footer":""},"ver":2,"abTestingConfig":{"forms":[]},"footer":{"elements":[{"FieldTypeName":"Button","properties":{"type":{"title":"Button Type:","type":"select","value":"submit","options":["submit","reset","print","draft","dummy","Salesforce Action","Visual Composer","Go Prev","Go Next","Go to page","Reset signature","Modal signature","Condition","SmartV Logout","Redirect","SSO Logout","XML Parser","Twilio","Close Twilio","Refresh Location","Barcode Scanner"]},"align":{"title":"Button align","type":"select","value":"auto","options":["auto","left","center","right"]},"user_tip":{"title":"User tip","type":"text","value":""},"img_btn_url":{"title":"Choose BackGround Image","type":"imageBackground","value":"","src":""},"default":{"title":"Button Text","type":"text","value":"Submit"},"admin_field_only":{"title":"Admin Field","type":"checkbox","value":false},"unique_value":{"title":"Unique value","type":"checkbox","value":false},"confirmation_mode":{"title":"Confirmation mode","type":"checkbox","value":false},"onclick_action":{"title":"On click action","type":"checkbox","value":false},"prop_disabled":{"value":true},"field_id":{"value":true}}}],"sortableOptions":{"connectWith":".elements-list","placeholder":"placeholder-element","handle":".formElementHandle,#moveElement,.form-element","appendTo":"body","revert":"invalid","revertDuration":800,"scroll":false,"cursor":"move","delay":150}},"testing":{"list":[{"value":0,"label":"item1"},{"value":1,"label":"item2"}]},"analytics":{"viewID":""},"personalization":{"language":{"code":"en","name":"English","nativeName":"English"},"timezone":{},"inlineDateTimeShow":false,"geolocation":false,"submitMsg":"Submitting your form ...","showOptionalLabel":{"value":false,"label":"(Optional)"},"showMandatoryExplanation":{"value":false,"text":"* is mandatory field"}},"autofilter":false,"currentDevice":"Desktop","enabledVersions":true,"pagerCount":0,"formVersionSettings":{"isUseGit":true,"repo":"in-com","branch":"amy-com-branch"},"ruller":{"leftLines":{},"topLines":{}},"ThemeID":511912,"id":2080175,"croNotifycation":{"cro":16},"VersionControl":true,"isValidRule":0,"isCached":false,"isCachedHQImage":false}